                  epoch,         train/box_loss,         train/cls_loss,         train/dfl_loss,   metrics/precision(B),      metrics/recall(B),       metrics/mAP50(B),    metrics/mAP50-95(B),           val/box_loss,           val/cls_loss,           val/dfl_loss,                 lr/pg0,                 lr/pg1,                 lr/pg2
                      1,                 2.9734,                 3.3649,                 3.3606,                0.14701,                0.17339,                0.06787,                0.02106,                 2.6229,                   3.15,                 2.5925,             0.00066557,             0.00066557,             0.00066557
                      2,                 2.3855,                 2.5438,                 2.5188,                0.20963,                0.18118,                0.12318,                0.04594,                  2.354,                 2.7513,                 2.2984,              0.0010685,              0.0010685,              0.0010685
                      3,                 2.1441,                 2.2459,                  2.241,                0.27271,                0.13844,                 0.1385,                0.05864,                 2.2903,                 3.2268,                 2.2039,              0.0012073,              0.0012073,              0.0012073
                      4,                 1.9813,                 2.0569,                  2.072,                0.33163,                0.26316,                0.21657,                0.09612,                  2.118,                  2.196,                 2.0245,               0.000812,               0.000812,               0.000812
                      5,                 1.8509,                 1.8593,                 1.9534,                0.41483,                0.30887,                0.29039,                0.14483,                 1.9372,                 1.9005,                 1.8899,               0.000416,               0.000416,               0.000416
